{
    "2t": {
        "control": [
            286.363555908, 
            295.42590332, 
            288.289245605, 
            283.227111816, 
            284.768005371, 
            298.521240234, 
            289.271118164, 
            282.546447754, 
            282.42364502, 
            290.771759033, 
            285.135772705, 
            280.21282959, 
            282.69833374, 
            294.380523682, 
            289.007141113, 
            285.248535156, 
            287.911773682, 
            298.400360107, 
            291.505340576, 
            287.898681641, 
            289.753204346, 
            297.436523438, 
            294.083251953, 
            288.13772583, 
            289.16204834, 
            293.397827148, 
            288.49017334, 
            283.674133301, 
            284.987060547, 
            296.456176758, 
            290.638092041, 
            286.387756348, 
            286.409423828, 
            292.802185059, 
            285.958343506, 
            279.491577148, 
            281.795806885, 
            295.196777344, 
            287.484191895, 
            283.851043701
        ], 
        "hres": [
            286.47076416, 
            295.495910645, 
            288.691345215, 
            283.233398438, 
            284.709197998, 
            298.904296875, 
            289.790405273, 
            282.804992676, 
            282.675109863, 
            290.824859619, 
            285.316101074, 
            280.453765869, 
            283.255493164, 
            294.719268799, 
            289.027526855, 
            285.48828125, 
            288.530761719, 
            298.677612305, 
            292.673400879, 
            287.894439697, 
            289.864593506, 
            297.076965332, 
            291.796142578, 
            285.934509277, 
            288.623962402, 
            296.004669189, 
            290.774261475, 
            286.00100708, 
            283.262145996, 
            290.297637939, 
            284.291809082, 
            278.563995361, 
            280.591705322, 
            289.775543213, 
            284.149383545, 
            278.752746582, 
            280.501861572, 
            290.652832031, 
            284.741760254, 
            280.484558105
        ], 
        "max": [
            289.032806396, 
            296.861328125, 
            289.512145996, 
            284.101806641, 
            289.76550293, 
            300.050567627, 
            291.680603027, 
            283.86114502, 
            283.660247803, 
            296.359344482, 
            288.169189453, 
            283.256164551, 
            286.525695801, 
            296.944671631, 
            290.775482178, 
            286.897369385, 
            289.295684814, 
            298.850921631, 
            295.217651367, 
            290.919311523, 
            291.373291016, 
            298.837982178, 
            296.096191406, 
            290.9090271, 
            290.739532471, 
            299.005126953, 
            294.404052734, 
            289.256835938, 
            290.398986816, 
            299.747070312, 
            293.180114746, 
            289.155090332, 
            290.383056641, 
            299.298461914, 
            292.229431152, 
            288.717224121, 
            290.339660645, 
            300.006317139, 
            294.085632324, 
            289.090789795
        ], 
        "median": [
            286.492553711, 
            295.472961426, 
            288.296936035, 
            283.457519531, 
            285.196990967, 
            298.145874023, 
            289.156433105, 
            282.541107178, 
            282.453979492, 
            290.914337158, 
            285.315429688, 
            280.618438721, 
            283.02331543, 
            294.633789062, 
            288.966003418, 
            285.464660645, 
            287.969268799, 
            298.135803223, 
            292.146972656, 
            288.518737793, 
            290.059631348, 
            297.408782959, 
            292.117218018, 
            286.862121582, 
            287.110168457, 
            294.837097168, 
            289.279541016, 
            284.571563721, 
            284.963134766, 
            294.609802246, 
            288.487792969, 
            282.523864746, 
            283.477844238, 
            293.718017578, 
            287.233825684, 
            282.069519043, 
            283.33807373, 
            294.140014648, 
            288.05670166, 
            283.841491699
        ], 
        "min": [
            285.867858887, 
            294.534881592, 
            287.052062988, 
            282.311981201, 
            283.788024902, 
            295.57598877, 
            287.221252441, 
            281.044403076, 
            281.52746582, 
            289.333709717, 
            283.824310303, 
            279.032348633, 
            281.638427734, 
            292.612915039, 
            287.003082275, 
            283.887268066, 
            287.184387207, 
            297.371643066, 
            290.119659424, 
            286.563354492, 
            287.72442627, 
            294.573760986, 
            287.503112793, 
            280.882965088, 
            280.308898926, 
            287.464599609, 
            282.296936035, 
            279.178039551, 
            278.161193848, 
            286.75604248, 
            281.435577393, 
            276.856018066, 
            277.591430664, 
            286.144897461, 
            281.967529297, 
            276.480133057, 
            278.220306396, 
            286.531921387, 
            280.869873047, 
            276.132751465
        ], 
        "ninety": [
            287.067626953, 
            296.160705566, 
            289.015014648, 
            283.852111816, 
            288.084716797, 
            299.35055542, 
            290.13848877, 
            283.252319336, 
            282.979125977, 
            292.99130249, 
            286.915008545, 
            281.710571289, 
            284.582366943, 
            295.857971191, 
            290.016967773, 
            286.405334473, 
            288.637695312, 
            298.550750732, 
            292.952758789, 
            289.710998535, 
            290.823974609, 
            298.609436035, 
            294.272766113, 
            289.418334961, 
            290.360168457, 
            297.257873535, 
            291.926208496, 
            287.899597168, 
            288.631103516, 
            297.692474365, 
            291.288970947, 
            287.159759521, 
            289.193817139, 
            297.80065918, 
            291.440429688, 
            287.258117676, 
            289.456665039, 
            298.733337402, 
            291.760681152, 
            288.395141602
        ],